step,T,C,coolant_flow,feed_rate
0,229697.96553407074,-0.10691482767035376,0.2,0.3
1,215062.11800380037,0.031089409980998094,0.2,0.8
2,226983.31895771695,0.03630840521141512,0.2,0.8
3,239909.37589645362,0.03650312051773185,0.2,0.8
4,252873.41664653143,0.03650791676734292,0.2,0.8
5,265838.84900349355,0.03650575498253238,0.2,0.8
6,278804.29059430194,0.0365035470284903,0.2,0.8
7,291769.6946289968,0.036501526855016134,0.2,0.8
8,304735.0641745725,0.0364996791271376,0.2,0.8
9,317700.4034069508,0.03649798296524584,0.2,0.8
10,330665.7159062635,0.03649642046868241,0.2,0.8
11,343631.0047123107,0.03649497643844647,0.2,0.8
12,356596.27242097945,0.036493637895102515,0.2,0.8
13,369561.5212623439,0.03649239368828036,0.2,0.8
14,382526.75316290127,0.0364912341854938,0.2,0.8
15,395491.9697955239,0.03649015102238051,0.2,0.8
16,408457.17261986365,0.036489136900682076,0.2,0.8
17,421422.36291527044,0.036488185423648165,0.2,0.8
18,434387.5418077962,0.03648729096101924,0.2,0.8
19,447352.71029248653,0.03648644853756755,0.2,0.8
20,460317.8692518928,0.036485653740536396,0.2,0.8
21,473283.01947153156,0.03648490264234254,0.2,0.8
22,486248.16165286326,0.036484191735683985,0.2,0.8
23,499213.29642424185,0.03648351787879109,0.2,0.8
24,512178.42435019644,0.03648287824901829,0.2,0.8
25,525143.5459393339,0.03648227030333087,0.2,0.8
26,538108.661651096,0.036481691744520456,0.2,0.8
27,551073.7719015594,0.03648114049220324,0.2,0.8
28,564038.8770684343,0.036480614657829216,0.2,0.8
29,577003.9774953861,0.03648011252306987,0.2,0.8
30,589969.0734957876,0.03647963252106319,0.2,0.8
31,602934.1653559832,0.03647917322008489,0.2,0.8
32,615899.2533381428,0.03647873330928729,0.2,0.8
33,628864.3376827589,0.03647831158620681,0.2,0.8
34,641829.4186108423,0.03647790694578937,0.2,0.8
35,654794.4963258557,0.036477518370722765,0.2,0.8
36,667759.5710154207,0.036477144922897935,0.2,0.8
37,680724.6428528306,0.03647678573584842,0.2,0.8
38,693689.7119983924,0.0364764400080395,0.2,0.8
39,706654.7786006207,0.036476106996897906,0.2,0.8
40,719619.8427973026,0.03647578601348822,0.2,0.8
41,732584.9047164491,0.036475476417756,0.2,0.8
42,745549.9644771467,0.036475177614268134,0.2,0.8
43,758515.0221903222,0.036474889048391114,0.2,0.8
44,771480.0779594292,0.03647461020285542,0.2,0.8
45,784445.1318810681,0.03647434059466132,0.2,0.8
46,797410.184045543,0.03647407977228716,0.2,0.8
47,810375.2345373671,0.036473827313166125,0.2,0.8
48,823340.28343572,0.036473582821401965,0.2,0.8
49,836305.330814861,0.03647334592569751,0.2,0.8
50,849270.3767445058,0.036473116277473364,0.2,0.8
51,862235.4212901691,0.036472893549156615,0.2,0.8
52,875200.464513476,0.036472677432621996,0.2,0.8
53,888165.5064724465,0.036472467637769714,0.2,0.8
54,901130.5472217551,0.036472263891226396,0.2,0.8
55,914095.5868129691,0.03647206593515673,0.2,0.8
56,927060.6252947655,0.03647187352617498,0.2,0.8
57,940025.662713131,0.03647168643434677,0.2,0.8
58,952990.6991115459,0.0364715044422725,0.2,0.8
59,965955.7345311515,0.036471327344244645,0.2,0.8
60,978920.769010906,0.03647115494547219,0.2,0.8
61,991885.8025877273,0.036470987061366,0.2,0.8
62,1004850.8352966246,0.036470823516879525,0.2,0.8
63,1017815.8671708205,0.03647066414590004,0.2,0.8
64,1030780.8982418632,0.03647050879068593,0.2,0.8
65,1043745.9285397313,0.036470357301345895,0.2,0.8
66,1056710.9580929293,0.03647020953535661,0.2,0.8
67,1069675.9869285775,0.03647006535711553,0.2,0.8
68,1082641.0150724954,0.0364699246375258,0.2,0.8
69,1095606.0425492786,0.03646978725361079,0.2,0.8
70,1108571.0693823695,0.03646965308815561,0.2,0.8
71,1121536.095594126,0.03646952202937366,0.2,0.8
72,1134501.1212058817,0.036469393970595884,0.2,0.8
73,1147466.1462380046,0.03646926880998134,0.2,0.8
74,1160431.1707099515,0.03646914645024703,0.2,0.8
75,1173396.194640318,0.03646902679841576,0.2,0.8
76,1186361.218046885,0.03646890976558052,0.2,0.8
77,1199326.2409466642,0.03646879526668419,0.2,0.8
78,1212291.2633559383,0.036468683220313346,0.2,0.8
79,1225256.2852902997,0.03646857354850526,0.2,0.8
80,1238221.3067646874,0.03646846617656699,0.2,0.8
81,1251186.3277934196,0.03646836103290571,0.2,0.8
82,1264151.3483902267,0.036468258048869565,0.2,0.8
83,1277116.368568281,0.03646815715859815,0.2,0.8
84,1290081.3883402243,0.03646805829888211,0.2,0.8
85,1303046.4077181946,0.03646796140903105,0.2,0.8
86,1316011.426713851,0.03646786643074928,0.2,0.8
87,1328976.445338397,0.03646777330801888,0.2,0.8
88,1341941.463602603,0.03646768198698955,0.2,0.8
89,1354906.481516826,0.0364675924158747,0.2,0.8
90,1367871.4990910303,0.036467504544853625,0.2,0.8
91,1380836.5163348054,0.036467418325979,0.2,0.8
92,1393801.5332573834,0.03646733371308973,0.2,0.8
93,1406766.5498676556,0.03646725066172847,0.2,0.8
94,1419731.5661741884,0.03646716912906379,0.2,0.8
95,1432696.582185238,0.03646708907381649,0.2,0.8
96,1445661.5979087632,0.036467010456189934,0.2,0.8
97,1458626.6133524403,0.03646693323780406,0.2,0.8
98,1471591.6285236746,0.03646685738163294,0.2,0.8
99,1484556.643429612,0.036466782851945545,0.2,0.8
100,1497521.6580771513,0.036466709614249665,0.2,0.8
101,1510486.6724729536,0.03646663763523864,0.2,0.8
102,1523451.6866234532,0.03646656688274091,0.2,0.8
103,1536416.7005348671,0.036466497325672,0.2,0.8
104,1549381.7142132039,0.03646642893398907,0.2,0.8
105,1562346.7276642723,0.03646636167864757,0.2,0.8
106,1575311.7408936897,0.036466295531560174,0.2,0.8
107,1588276.7539068903,0.03646623046555765,0.2,0.8
108,1601241.7667091314,0.036466166454351606,0.2,0.8
109,1614206.7793055018,0.03646610347249918,0.2,0.8
110,1627171.7917009278,0.03646604149536922,0.2,0.8
111,1640136.8039001797,0.036465980499110213,0.2,0.8
112,1653101.8159078779,0.036465920460619694,0.2,0.8
113,1666066.827728499,0.03646586135751503,0.2,0.8
114,1679031.8393663808,0.036465803168105645,0.2,0.8
115,1691996.8508257286,0.036465745871366445,0.2,0.8
116,1704961.8621106194,0.036465689446912516,0.2,0.8
117,1717926.873225007,0.03646563387497491,0.2,0.8
118,1730891.8841727264,0.03646557913637758,0.2,0.8
119,1743856.8949574989,0.03646552521251532,0.2,0.8
120,1756821.9055829353,0.03646547208533267,0.2,0.8
121,1769786.9160525412,0.036465419737303745,0.2,0.8
122,1782751.9263697192,0.03646536815141299,0.2,0.8
123,1795716.9365377745,0.03646531731113674,0.2,0.8
124,1808681.9465599167,0.03646526720042555,0.2,0.8
125,1821646.9564392644,0.03646521780368728,0.2,0.8
126,1834611.9661788475,0.036465169105771016,0.2,0.8
127,1847576.9757816114,0.03646512109195146,0.2,0.8
128,1860541.9852504188,0.03646507374791419,0.2,0.8
129,1873506.9945880533,0.036465027059741334,0.2,0.8
130,1886472.003797222,0.03646498101389801,0.2,0.8
131,1899437.012880558,0.03646493559721918,0.2,0.8
132,1912402.0218406222,0.03646489079689717,0.2,0.8
133,1925367.0306799079,0.03646484660046958,0.2,0.8
134,1938332.0394008402,0.036464802995807705,0.2,0.8
135,1951297.0480057807,0.036464759971105515,0.2,0.8
136,1964262.0564970279,0.03646471751486894,0.2,0.8
137,1977227.0648768204,0.03646467561590563,0.2,0.8
138,1990192.0731473386,0.03646463426331514,0.2,0.8
139,2003157.0813107057,0.036464593446479496,0.2,0.8
140,2016122.0893689909,0.03646455315505406,0.2,0.8
141,2029087.09732421,0.0364645133789588,0.2,0.8
142,2042052.1051783278,0.03646447410836989,0.2,0.8
143,2055017.1129332595,0.03646443533371167,0.2,0.8
144,2067982.1205908721,0.03646439704564877,0.2,0.8
145,2080947.128152986,0.036464359235078674,0.2,0.8
146,2093912.135621377,0.036464321893124485,0.2,0.8
147,2106877.142997776,0.036464285011128014,0.2,0.8
148,2119842.1502838735,0.036464248580643024,0.2,0.8
149,2132807.1574813165,0.036464212593428844,0.2,0.8
150,2145772.1645917133,0.03646417704144411,0.2,0.8
151,2158737.171616634,0.03646414191684082,0.2,0.8
152,2171702.1785576106,0.03646410721195848,0.2,0.8
153,2184667.1854161387,0.03646407291931864,0.2,0.8
154,2197632.1921936786,0.03646403903161943,0.2,0.8
155,2210597.1988916565,0.03646400554173044,0.2,0.8
156,2223562.2055114647,0.03646397244268766,0.2,0.8
157,2236527.2120544645,0.0364639397276887,0.2,0.8
158,2249492.2185219843,0.03646390739008813,0.2,0.8
159,2262457.2249153233,0.03646387542339294,0.2,0.8
160,2275422.23123575,0.036463843821258224,0.2,0.8
161,2288387.237484505,0.03646381257748296,0.2,0.8
162,2301352.2436628,0.03646378168600602,0.2,0.8
163,2314317.249771821,0.0364637511409021,0.2,0.8
164,2327282.255812726,0.03646372093637814,0.2,0.8
165,2340247.2617866476,0.036463691066769485,0.2,0.8
166,2353212.267694694,0.036463661526536406,0.2,0.8
167,2366177.273537949,0.03646363231026073,0.2,0.8
168,2379142.2793174726,0.036463603412642404,0.2,0.8
169,2392107.2850343017,0.03646357482849641,0.2,0.8
170,2405072.290689451,0.036463546552749596,0.2,0.8
171,2418037.296283914,0.0364635185804377,0.2,0.8
172,2431002.301818661,0.03646349090670244,0.2,0.8
173,2443967.3072946435,0.03646346352678867,0.2,0.8
174,2456932.312712793,0.036463436436041725,0.2,0.8
175,2469897.31807402,0.036463409629904714,0.2,0.8
176,2482862.3233792176,0.036463383103915996,0.2,0.8
177,2495827.3286292595,0.036463356853706705,0.2,0.8
178,2508792.333825001,0.036463330874998354,0.2,0.8
179,2521757.3389672805,0.036463305163600496,0.2,0.8
180,2534722.344056919,0.03646327971540848,0.2,0.8
181,2547687.3490947206,0.036463254526401256,0.2,0.8
182,2560652.354081473,0.03646322959263928,0.2,0.8
183,2573617.359017948,0.03646320491026244,0.2,0.8
184,2586582.363904903,0.03646318047548808,0.2,0.8
185,2599547.368743079,0.03646315628460903,0.2,0.8
186,2612512.3735332023,0.036463132333991774,0.2,0.8
187,2625477.378275986,0.036463108620074625,0.2,0.8
188,2638442.3829721278,0.036463085139365935,0.2,0.8
189,2651407.3876223126,0.0364630618884424,0.2,0.8
190,2664372.3922272115,0.03646303886394739,0.2,0.8
191,2677337.396787483,0.03646301606258934,0.2,0.8
192,2690302.401303773,0.036462993481140155,0.2,0.8
193,2703267.405776714,0.03646297111643374,0.2,0.8
194,2716232.410206928,0.03646294896536447,0.2,0.8
195,2729197.4145950237,0.03646292702488577,0.2,0.8
196,2742162.4189415993,0.03646290529200872,0.2,0.8
197,2755127.423247241,0.03646288376380069,0.2,0.8
198,2768092.427512524,0.03646286243738406,0.2,0.8
199,2781057.4317380143,0.036462841309934844,0.2,0.8
200,2794022.435924265,0.03646282037868156,0.2,0.8
201,2806987.4400718207,0.03646279964090393,0.2,0.8
202,2819952.444181215,0.03646277909393174,0.2,0.8
203,2832917.4482529727,0.03646275873514371,0.2,0.8
204,2845882.452287608,0.036462738561966315,0.2,0.8
205,2858847.4562856266,0.036462718571872776,0.2,0.8
206,2871812.4602475245,0.03646269876238196,0.2,0.8
207,2884777.4641737896,0.03646267913105736,0.2,0.8
208,2897742.4680649,0.036462659675506104,0.2,0.8
209,2910707.4719213257,0.03646264039337799,0.2,0.8
210,2923672.4757435285,0.03646262128236451,0.2,0.8
211,2936637.479531962,0.03646260234019794,0.2,0.8
212,2949602.4832870713,0.036462583564650486,0.2,0.8
213,2962567.487009295,0.03646256495353336,0.2,0.8
214,2975532.490699062,0.03646254650469592,0.2,0.8
215,2988497.494356796,0.03646252821602489,0.2,0.8
216,3001462.497982912,0.03646251008544353,0.2,0.8
217,3014427.5015778188,0.03646249211091084,0.2,0.8
218,3027392.5051419167,0.03646247429042081,0.2,0.8
219,3040357.508675601,0.03646245662200165,0.2,0.8
220,3053322.5121792583,0.03646243910371509,0.2,0.8
221,3066287.5156532703,0.03646242173365567,0.2,0.8
222,3079252.5190980113,0.03646240450995003,0.2,0.8
223,3092217.52251385,0.03646238743075625,0.2,0.8
224,3105182.5259011486,0.03646237049426318,0.2,0.8
225,3118147.5292602633,0.0364623536986898,0.2,0.8
226,3131112.532591544,0.03646233704228466,0.2,0.8
227,3144077.535895336,0.03646232052332514,0.2,0.8
228,3157042.5391719774,0.03646230414011698,0.2,0.8
229,3170007.542421802,0.03646228789099364,0.2,0.8
230,3182972.5456451373,0.036462271774315755,0.2,0.8
231,3195937.5488423062,0.03646225578847055,0.2,0.8
232,3208902.5520136263,0.03646223993187137,0.2,0.8
233,3221867.555159409,0.03646222420295708,0.2,0.8
234,3234832.5582799623,0.0364622086001916,0.2,0.8
235,3247797.561375588,0.03646219312206339,0.2,0.8
236,3260762.564446584,0.036462177767084956,0.2,0.8
237,3273727.567493242,0.03646216253379238,0.2,0.8
238,3286692.570515852,0.03646214742074487,0.2,0.8
239,3299657.573514696,0.03646213242652427,0.2,0.8
240,3312622.5764900544,0.03646211754973466,0.2,0.8
241,3325587.5794422007,0.03646210278900188,0.2,0.8
242,3338552.5823714067,0.03646208814297314,0.2,0.8
243,3351517.585277938,0.03646207361031657,0.2,0.8
244,3364482.5881620566,0.036462059189720876,0.2,0.8
245,3377447.5910240216,0.03646204487989489,0.2,0.8
246,3390412.593864087,0.0364620306795672,0.2,0.8
247,3403377.5966825034,0.03646201658748577,0.2,0.8
248,3416342.599479517,0.03646200260241761,0.2,0.8
249,3429307.602255371,0.03646198872314835,0.2,0.8
250,3442272.605010304,0.036461974948481954,0.2,0.8
251,3455237.607744552,0.03646196127724033,0.2,0.8
252,3468202.610458348,0.03646194770826301,0.2,0.8
253,3481167.613151919,0.036461934240406835,0.2,0.8
254,3494132.6158254915,0.036461920872545614,0.2,0.8
255,3507097.618479287,0.0364619076035698,0.2,0.8
256,3520062.6211135234,0.03646189443238623,0.2,0.8
257,3533027.623728417,0.03646188135791778,0.2,0.8
258,3545992.6263241796,0.0364618683791031,0.2,0.8
259,3558957.628901021,0.03646185549489628,0.2,0.8
260,3571922.6314591467,0.03646184270426663,0.2,0.8
261,3584887.6339987605,0.03646183000619839,0.2,0.8
262,3597852.636520062,0.03646181739969041,0.2,0.8
263,3610817.639023249,0.03646180488375596,0.2,0.8
264,3623782.6415085155,0.03646179245742242,0.2,0.8
265,3636747.6439760537,0.036461780119731044,0.2,0.8
266,3649712.646426053,0.036461767869736726,0.2,0.8
267,3662677.6488586986,0.036461755706507754,0.2,0.8
268,3675642.6512741754,0.03646174362912554,0.2,0.8
269,3688607.653672664,0.03646173163668445,0.2,0.8
270,3701572.6560543426,0.03646171972829153,0.2,0.8
271,3714537.658419388,0.03646170790306628,0.2,0.8
272,3727502.660767973,0.036461696160140486,0.2,0.8
273,3740467.6631002696,0.03646168449865796,0.2,0.8
274,3753432.6654164465,0.03646167291777437,0.2,0.8
275,3766397.66771667,0.03646166141665698,0.2,0.8
276,3779362.6700011045,0.03646164999448451,0.2,0.8
277,3792327.672269912,0.03646163865044691,0.2,0.8
278,3805292.674523252,0.036461627383745185,0.2,0.8
279,3818257.676761283,0.03646161619359118,0.2,0.8
280,3831222.67898416,0.03646160507920742,0.2,0.8
281,3844187.6811920363,0.03646159403982692,0.2,0.8
282,3857152.6833850634,0.036461583074693035,0.2,0.8
283,3870117.68556339,0.03646157218305923,0.2,0.8
284,3883082.6877271645,0.03646156136418895,0.2,0.8
285,3896047.6898765313,0.03646155061735548,0.2,0.8
286,3909012.692011634,0.03646153994184172,0.2,0.8
287,3921977.6941326144,0.036461529336940066,0.2,0.8
288,3934942.6962396116,0.03646151880195223,0.2,0.8
289,3947907.698332764,0.036461508336189136,0.2,0.8
290,3960872.7004122077,0.036461497938970695,0.2,0.8
291,3973837.702478077,0.036461487609625726,0.2,0.8
292,3986802.7045305036,0.03646147734749176,0.2,0.8
293,3999767.706569619,0.036461467151914936,0.2,0.8
294,4012732.708595552,0.03646145702224983,0.2,0.8
295,4025697.71060843,0.03646144695785938,0.2,0.8
296,4038662.7126083793,0.03646143695811465,0.2,0.8
297,4051627.7145955237,0.03646142702239479,0.2,0.8
298,4064592.7165699853,0.03646141715008688,0.2,0.8
299,4077557.7185318857,0.03646140734058578,0.2,0.8
300,4090522.720481344,0.03646139759329403,0.2,0.8
301,4103487.722418478,0.036461387907621726,0.2,0.8
302,4116452.7243434056,0.036461378282986415,0.2,0.8
303,4129417.72625624,0.036461368718812934,0.2,0.8
304,4142382.728157096,0.036461359214533334,0.2,0.8
305,4155347.7300460855,0.03646134976958677,0.2,0.8
306,4168312.7319233194,0.03646134038341936,0.2,0.8
307,4181277.7337889066,0.0364613310554841,0.2,0.8
308,4194242.7356429556,0.03646132178524077,0.2,0.8
309,4207207.737485572,0.036461312572155784,0.2,0.8
310,4220172.739316863,0.036461303415702126,0.2,0.8
311,4233137.741136931,0.036461294315359244,0.2,0.8
312,4246102.742945881,0.036461285270612945,0.2,0.8
313,4259067.744743812,0.03646127628095529,0.2,0.8
314,4272032.746530826,0.03646126734588453,0.2,0.8
315,4284997.748307022,0.03646125846490496,0.2,0.8
316,4297962.750072498,0.036461249637526894,0.2,0.8
317,4310927.75182735,0.03646124086326652,0.2,0.8
318,4323892.753571673,0.036461232141645816,0.2,0.8
319,4336857.755305564,0.03646122347219251,0.2,0.8
320,4349822.757029115,0.036461214854439934,0.2,0.8
321,4362787.758742418,0.036461206287927,0.2,0.8
322,4375752.760445564,0.03646119777219806,0.2,0.8
323,4388717.762138643,0.03646118930680287,0.2,0.8
324,4401682.763821744,0.03646118089129647,0.2,0.8
325,4414647.765494956,0.03646117252523916,0.2,0.8
326,4427612.767158364,0.03646116420819637,0.2,0.8
327,4440577.768812056,0.036461155939738615,0.2,0.8
328,4453542.770456116,0.03646114771944141,0.2,0.8
329,4466507.772090627,0.0364611395468852,0.2,0.8
330,4479472.773715673,0.036461131421655295,0.2,0.8
331,4492437.775331336,0.0364611233433418,0.2,0.8
332,4505402.776937697,0.036461115311539505,0.2,0.8
333,4518367.778534835,0.03646110732584791,0.2,0.8
334,4531332.7801228305,0.036461099385871054,0.2,0.8
335,4544297.781701761,0.0364610914912175,0.2,0.8
336,4557262.783271705,0.03646108364150029,0.2,0.8
337,4570227.784832737,0.03646107583633684,0.2,0.8
338,4583192.7863849355,0.03646106807534891,0.2,0.8
339,4596157.787928373,0.036461060358162524,0.2,0.8
340,4609122.789463124,0.03646105268440791,0.2,0.8
341,4622087.790989262,0.03646104505371946,0.2,0.8
342,4635052.792506859,0.03646103746573563,0.2,0.8
343,4648017.794015986,0.03646102992009895,0.2,0.8
344,4660982.795516714,0.036461022416455886,0.2,0.8
345,4673947.797009114,0.036461014954456875,0.2,0.8
346,4686912.798493255,0.03646100753375619,0.2,0.8
347,4699877.799969204,0.03646100015401193,0.2,0.8
348,4712842.801437029,0.036460992814885955,0.2,0.8
349,4725807.802896797,0.03646098551604384,0.2,0.8
350,4738772.804348574,0.03646097825715483,0.2,0.8
351,4751737.805792427,0.036460971037891754,0.2,0.8
352,4764702.807228419,0.036460963857931045,0.2,0.8
353,4777667.808656615,0.0364609567169526,0.2,0.8
354,4790632.810077078,0.036460949614639825,0.2,0.8
355,4803597.81148987,0.036460942550679526,0.2,0.8
356,4816562.812895053,0.03646093552476187,0.2,0.8
357,4829527.81429269,0.036460928536580395,0.2,0.8
358,4842492.81568284,0.036460921585831876,0.2,0.8
359,4855457.817065562,0.03646091467221635,0.2,0.8
360,4868422.818440918,0.036460907795437036,0.2,0.8
361,4881387.819808966,0.036460900955200326,0.2,0.8
362,4894352.821169763,0.03646089415121573,0.2,0.8
363,4907317.822523367,0.036460887383195785,0.2,0.8
364,4920282.823869835,0.036460880650856106,0.2,0.8
365,4933247.825209223,0.036460873953915285,0.2,0.8
366,4946212.826541587,0.036460867292094856,0.2,0.8
367,4959177.827866982,0.03646086066511928,0.2,0.8
368,4972142.829185463,0.03646085407271586,0.2,0.8
369,4985107.830497083,0.036460847514614786,0.2,0.8
370,4998072.831801896,0.036460840990549026,0.2,0.8
371,5011037.833099956,0.036460834500254294,0.2,0.8
372,5024002.834391313,0.03646082804346905,0.2,0.8
373,5036967.83567602,0.036460821619934455,0.2,0.8
374,5049932.836954128,0.03646081522939433,0.2,0.8
375,5062897.838225688,0.0364608088715951,0.2,0.8
376,5075862.83949075,0.03646080254628579,0.2,0.8
377,5088827.840749364,0.03646079625321799,0.2,0.8
378,5101792.842001579,0.03646078999214583,0.2,0.8
379,5114757.8432474425,0.036460783762825896,0.2,0.8
380,5127722.844487004,0.036460777565017276,0.2,0.8
381,5140687.845720311,0.03646077139848146,0.2,0.8
382,5153652.84694741,0.03646076526298235,0.2,0.8
383,5166617.84816835,0.03646075915828623,0.2,0.8
384,5179582.849383174,0.03646075308416169,0.2,0.8
385,5192547.8505919315,0.036460747040379674,0.2,0.8
386,5205512.851794665,0.036460741026713386,0.2,0.8
387,5218477.85299142,0.036460735042938286,0.2,0.8
388,5231442.8541822415,0.03646072908883208,0.2,0.8
389,5244407.855367173,0.03646072316417463,0.2,0.8
390,5257372.856546259,0.036460717268748014,0.2,0.8
391,5270337.857719541,0.036460711402336435,0.2,0.8
392,5283302.858887062,0.0364607055647262,0.2,0.8
393,5296267.860048866,0.03646069975570576,0.2,0.8
394,5309232.861204994,0.03646069397506557,0.2,0.8
395,5322197.862355487,0.03646068822259817,0.2,0.8
396,5335162.863500387,0.03646068249809811,0.2,0.8
397,5348127.864639734,0.03646067680136192,0.2,0.8
398,5361092.865773569,0.036460671132188094,0.2,0.8
399,5374057.866901931,0.03646066549037712,0.2,0.8
400,5387022.8680248605,0.03646065987573133,0.2,0.8
401,5399987.869142396,0.03646065428805501,0.2,0.8
402,5412952.870254576,0.03646064872715432,0.2,0.8
403,5425917.871361439,0.03646064319283725,0.2,0.8
404,5438882.872463023,0.03646063768491363,0.2,0.8
405,5451847.873559368,0.03646063220319509,0.2,0.8
406,5464812.874650508,0.03646062674749509,0.2,0.8
407,5477777.8757364815,0.03646062131762881,0.2,0.8
408,5490742.876817325,0.03646061591341319,0.2,0.8
409,5503707.877893074,0.0364606105346669,0.2,0.8
410,5516672.878963766,0.03646060518121032,0.2,0.8
411,5529637.880029434,0.03646059985286549,0.2,0.8
412,5542602.881090116,0.03646059454945615,0.2,0.8
413,5555567.882145845,0.03646058927080767,0.2,0.8
414,5568532.883196657,0.03646058401674704,0.2,0.8
415,5581497.884242586,0.03646057878710287,0.2,0.8
416,5594462.885283665,0.03646057358170535,0.2,0.8
417,5607427.886319929,0.03646056840038624,0.2,0.8
418,5620392.88735141,0.03646056324297886,0.2,0.8
419,5633357.888378142,0.03646055810931808,0.2,0.8
420,5646322.889400158,0.03646055299924024,0.2,0.8
421,5659287.890417489,0.03646054791258324,0.2,0.8
422,5672252.891430168,0.03646054284918641,0.2,0.8
423,5685217.892438227,0.03646053780889058,0.2,0.8
424,5698182.893441698,0.036460532791538006,0.2,0.8
425,5711147.894440611,0.0364605277969724,0.2,0.8
426,5724112.895434998,0.03646052282503888,0.2,0.8
427,5737077.896424889,0.03646051787558395,0.2,0.8
428,5750042.897410314,0.03646051294845553,0.2,0.8
429,5763007.898391304,0.03646050804350287,0.2,0.8
430,5775972.899367888,0.03646050316057661,0.2,0.8
431,5788937.900340098,0.036460498299528715,0.2,0.8
432,5801902.901307961,0.03646049346021246,0.2,0.8
433,5814867.902271507,0.036460488642482455,0.2,0.8
434,5827832.903230765,0.036460483846194575,0.2,0.8
435,5840797.904185763,0.036460479071205996,0.2,0.8
436,5853762.905136529,0.03646047431737516,0.2,0.8
437,5866727.906083092,0.03646046958456175,0.2,0.8
438,5879692.907025479,0.03646046487262669,0.2,0.8
439,5892657.907963717,0.03646046018143213,0.2,0.8
440,5905622.908897836,0.03646045551084144,0.2,0.8
441,5918587.90982786,0.03646045086071916,0.2,0.8
442,5931552.910753818,0.036460446230931046,0.2,0.8
443,5944517.911675735,0.036460441621344014,0.2,0.8
444,5957482.912593639,0.03646043703182612,0.2,0.8
445,5970447.913507556,0.03646043246224662,0.2,0.8
446,5983412.91441751,0.03646042791247582,0.2,0.8
447,5996377.9153235275,0.036460423382385226,0.2,0.8
448,6009342.9162256345,0.03646041887184742,0.2,0.8
449,6022307.917123857,0.03646041438073608,0.2,0.8
450,6035272.918018219,0.036460409908925975,0.2,0.8
451,6048237.918908746,0.036460405456292935,0.2,0.8
452,6061202.919795462,0.036460401022713876,0.2,0.8
453,6074167.920678392,0.03646039660806676,0.2,0.8
454,6087132.92155756,0.036460392212230575,0.2,0.8
455,6100097.922432989,0.036460387835085345,0.2,0.8
456,6113062.923304704,0.03646038347651211,0.2,0.8
457,6126027.924172728,0.036460379136392926,0.2,0.8
458,6138992.925037085,0.03646037481461084,0.2,0.8
459,6151957.925897798,0.036460370511049875,0.2,0.8
460,6164922.926754888,0.03646036622559505,0.2,0.8
461,6177887.927608381,0.03646036195813235,0.2,0.8
462,6190852.928458298,0.03646035770854868,0.2,0.8
463,6203817.929304661,0.03646035347673193,0.2,0.8
464,6216782.930147493,0.03646034926257091,0.2,0.8
465,6229747.930986817,0.03646034506595536,0.2,0.8
466,6242712.931822653,0.036460340886775924,0.2,0.8
467,6255677.932655023,0.03646033672492416,0.2,0.8
468,6268642.93348395,0.036460332580292534,0.2,0.8
469,6281607.934309454,0.0364603284527744,0.2,0.8
470,6294572.935131555,0.03646032434226396,0.2,0.8
471,6307537.935950277,0.03646032024865632,0.2,0.8
472,6320502.936765639,0.036460316171847446,0.2,0.8
473,6333467.937577662,0.03646031211173412,0.2,0.8
474,6346432.938386366,0.03646030806821401,0.2,0.8
475,6359397.939191772,0.036460304041185596,0.2,0.8
476,6372362.939993899,0.03646030003054819,0.2,0.8
477,6385327.940792768,0.036460296036201933,0.2,0.8
478,6398292.941588399,0.03646029205804775,0.2,0.8
479,6411257.942380811,0.03646028809598739,0.2,0.8
480,6424222.943170024,0.03646028414992339,0.2,0.8
481,6437187.943956058,0.036460280219759056,0.2,0.8
482,6450152.94473893,0.0364602763053985,0.2,0.8
483,6463117.94551866,0.03646027240674658,0.2,0.8
484,6476082.946295268,0.03646026852370894,0.2,0.8
485,6489047.947068771,0.03646026465619195,0.2,0.8
486,6502012.947839188,0.036460260804102744,0.2,0.8
487,6514977.948606539,0.03646025696734918,0.2,0.8
488,6527942.949370841,0.036460253145839894,0.2,0.8
489,6540907.950132111,0.03646024933948418,0.2,0.8
490,6553872.95089037,0.03646024554819209,0.2,0.8
491,6566837.951645633,0.0364602417718744,0.2,0.8
492,6579802.952397919,0.03646023801044254,0.2,0.8
493,6592767.9531472465,0.03646023426380868,0.2,0.8
494,6605732.953893631,0.03646023053188567,0.2,0.8
495,6618697.954637091,0.03646022681458702,0.2,0.8
496,6631662.955377643,0.03646022311182695,0.2,0.8
497,6644627.956115304,0.03646021942352034,0.2,0.8
498,6657592.956850091,0.03646021574958271,0.2,0.8
499,6670557.957582021,0.03646021208993026,0.2,0.8
500,6683522.958311112,0.036460208444479864,0.2,0.8
501,6696487.9590373775,0.03646020481314896,0.2,0.8
502,6709452.959760836,0.03646020119585572,0.2,0.8
503,6722417.960481503,0.03646019759251887,0.2,0.8
504,6735382.961199394,0.03646019400305782,0.2,0.8
505,6748347.961914528,0.036460190427392555,0.2,0.8
506,6761312.962626918,0.03646018686544371,0.2,0.8
507,6774277.96333658,0.036460183317132494,0.2,0.8
508,6787242.964043531,0.03646017978238075,0.2,0.8
509,6800207.964747785,0.036460176261110894,0.2,0.8
510,6813172.965449357,0.036460172753245944,0.2,0.8
511,6826137.966148265,0.0364601692587095,0.2,0.8
512,6839102.966844521,0.03646016577742574,0.2,0.8
513,6852067.967538143,0.036460162309319415,0.2,0.8
514,6865032.968229144,0.036460158854315854,0.2,0.8
515,6877997.968917538,0.03646015541234093,0.2,0.8
516,6890962.969603343,0.03646015198332111,0.2,0.8
517,6903927.9702865705,0.03646014856718337,0.2,0.8
518,6916892.970967236,0.03646014516385525,0.2,0.8
519,6929857.971645354,0.03646014177326484,0.2,0.8
520,6942822.972320939,0.03646013839534078,0.2,0.8
521,6955787.972994005,0.0364601350300122,0.2,0.8
522,6968752.973664566,0.036460131677208796,0.2,0.8
523,6981717.974332636,0.03646012833686078,0.2,0.8
524,6994682.974998228,0.03646012500889885,0.2,0.8
525,7007647.975661357,0.03646012169325427,0.2,0.8
526,7020612.976322035,0.03646011838985877,0.2,0.8
527,7033577.976980278,0.036460115098644594,0.2,0.8
528,7046542.977636098,0.03646011181954449,0.2,0.8
529,7059507.978289509,0.03646010855249171,0.2,0.8
530,7072472.978940523,0.03646010529741997,0.2,0.8
531,7085437.979589155,0.03646010205426348,0.2,0.8
532,7098402.980235416,0.03646009882295695,0.2,0.8
533,7111367.980879321,0.03646009560343555,0.2,0.8
534,7124332.981520881,0.03646009239563491,0.2,0.8
535,7137297.982160109,0.03646008919949115,0.2,0.8
536,7150262.982797019,0.03646008601494085,0.2,0.8
537,7163227.983431623,0.03646008284192104,0.2,0.8
538,7176192.984063934,0.03646007968036921,0.2,0.8
539,7189157.984693963,0.0364600765302233,0.2,0.8
540,7202122.985321724,0.036460073391421696,0.2,0.8
541,7215087.985947228,0.03646007026390322,0.2,0.8
542,7228052.986570488,0.03646006714760717,0.2,0.8
543,7241017.987191514,0.03646006404247322,0.2,0.8
544,7253982.987810321,0.03646006094844152,0.2,0.8
545,7266947.988426918,0.03646005786545263,0.2,0.8
546,7279912.989041319,0.036460054793447536,0.2,0.8
547,7292877.989653535,0.03646005173236765,0.2,0.8
548,7305842.990263578,0.0364600486821548,0.2,0.8
549,7318807.990871458,0.036460045642751196,0.2,0.8
550,7331772.991477189,0.03646004261409949,0.2,0.8
551,7344737.99208078,0.036460039596142746,0.2,0.8
552,7357702.992682243,0.0364600365888244,0.2,0.8
553,7370667.99328159,0.03646003359208831,0.2,0.8
554,7383632.993878832,0.0364600306058787,0.2,0.8
555,7396597.99447398,0.036460027630140224,0.2,0.8
556,7409562.995067044,0.036460024664817896,0.2,0.8
557,7422527.995658036,0.03646002170985711,0.2,0.8
558,7435492.9962469665,0.036460018765203675,0.2,0.8
559,7448457.996833847,0.03646001583080373,0.2,0.8
560,7461422.997418687,0.036460012906603834,0.2,0.8
561,7474387.998001497,0.03646000999255089,0.2,0.8
562,7487352.998582289,0.036460007088592164,0.2,0.8
563,7500317.999161072,0.036460004194675294,0.2,0.8
564,7513282.999737858,0.03646000131074831,0.2,0.8
565,7526248.000312655,0.036459998436759546,0.2,0.8
566,7539213.000885475,0.036459995572657736,0.2,0.8
567,7552178.001456329,0.03645999271839193,0.2,0.8
568,7565143.002025225,0.036459989873911566,0.2,0.8
569,7578108.002592174,0.036459987039166405,0.2,0.8
570,7591073.003157186,0.036459984214106546,0.2,0.8
571,7604038.0037202705,0.03645998139868244,0.2,0.8
572,7617003.004281438,0.036459978592844874,0.2,0.8
573,7629968.004840698,0.03645997579654496,0.2,0.8
574,7642933.00539806,0.036459973009734165,0.2,0.8
575,7655898.0059535345,0.03645997023236425,0.2,0.8
576,7668863.00650713,0.036459967464387344,0.2,0.8
577,7681828.007058856,0.03645996470575586,0.2,0.8
578,7694793.007608723,0.03645996195642255,0.2,0.8
579,7707758.008156739,0.036459959216340494,0.2,0.8
580,7720723.008702914,0.036459956485463074,0.2,0.8
581,7733688.009247258,0.036459953763743974,0.2,0.8
582,7746653.00978978,0.03645995105113721,0.2,0.8
583,7759618.010330488,0.036459948347597096,0.2,0.8
584,7772583.010869392,0.036459945653078245,0.2,0.8
585,7785548.011406501,0.03645994296753559,0.2,0.8
586,7798513.011941823,0.036459940290924336,0.2,0.8
587,7811478.012475368,0.03645993762320003,0.2,0.8
588,7824443.013007144,0.03645993496431846,0.2,0.8
589,7837408.013537161,0.036459932314235735,0.2,0.8
590,7850373.014065426,0.036459929672908245,0.2,0.8
591,7863338.014591949,0.0364599270402927,0.2,0.8
592,7876303.015116738,0.03645992441634605,0.2,0.8
593,7889268.0156398015,0.03645992180102555,0.2,0.8
594,7902233.016161149,0.03645991919428873,0.2,0.8
595,7915198.016680789,0.0364599165960934,0.2,0.8
596,7928163.017198728,0.036459914006397656,0.2,0.8
597,7941128.017714975,0.03645991142515985,0.2,0.8
598,7954093.01822954,0.036459908852338616,0.2,0.8
599,7967058.018742429,0.03645990628789286,0.2,0.8
600,7980023.019253652,0.03645990373178175,0.2,0.8
601,7992988.019763215,0.0364599011839647,0.2,0.8
602,8005953.020271128,0.036459898644401426,0.2,0.8
603,8018918.020777399,0.03645989611305189,0.2,0.8
604,8031883.021282034,0.0364598935898763,0.2,0.8
605,8044848.021785042,0.03645989107483513,0.2,0.8
606,8057813.022286431,0.03645988856788909,0.2,0.8
607,8070778.022786209,0.03645988606899919,0.2,0.8
608,8083743.023284384,0.03645988357812664,0.2,0.8
609,8096708.023780963,0.03645988109523292,0.2,0.8
610,8109673.024275954,0.03645987862027975,0.2,0.8
611,8122638.024769364,0.036459876153229105,0.2,0.8
612,8135603.025261201,0.0364598736940432,0.2,0.8
613,8148568.025751473,0.03645987124268448,0.2,0.8
614,8161533.026240188,0.03645986879911564,0.2,0.8
615,8174498.02672735,0.036459866363299606,0.2,0.8
616,8187463.02721297,0.03645986393519953,0.2,0.8
617,8200428.027697054,0.03645986151477883,0.2,0.8
618,8213393.028179609,0.0364598591020011,0.2,0.8
619,8226358.028660643,0.036459856696830224,0.2,0.8
620,8239323.029140163,0.03645985429923028,0.2,0.8
621,8252288.029618176,0.03645985190916556,0.2,0.8
622,8265253.030094689,0.03645984952660061,0.2,0.8
623,8278218.030569709,0.03645984715150019,0.2,0.8
624,8291183.031043243,0.03645984478382926,0.2,0.8
625,8304148.0315152975,0.036459842423553025,0.2,0.8
626,8317113.031985881,0.036459840070636906,0.2,0.8
627,8330078.032454999,0.036459837725046504,0.2,0.8
628,8343043.032922659,0.036459835386747685,0.2,0.8
629,8356008.033388868,0.03645983305570649,0.2,0.8
630,8368973.0338536315,0.03645983073188917,0.2,0.8
631,8381938.034316956,0.03645982841526222,0.2,0.8
632,8394903.03477885,0.036459826105792306,0.2,0.8
633,8407868.03523932,0.036459823803446326,0.2,0.8
634,8420833.035698371,0.03645982150819134,0.2,0.8
635,8433798.03615601,0.036459819219994666,0.2,0.8
636,8446763.036612244,0.03645981693882378,0.2,0.8
637,8459728.03706708,0.03645981466464639,0.2,0.8
638,8472693.037520524,0.03645981239743036,0.2,0.8
639,8485658.037972583,0.0364598101371438,0.2,0.8
640,8498623.03842326,0.03645980788375497,0.2,0.8
641,8511588.038872564,0.03645980563723236,0.2,0.8
642,8524553.039320502,0.03645980339754462,0.2,0.8
643,8537518.039767079,0.03645980116466062,0.2,0.8
644,8550483.040212302,0.03645979893854939,0.2,0.8
645,8563448.040656175,0.036459796719180176,0.2,0.8
646,8576413.041098706,0.03645979450652238,0.2,0.8
647,8589378.041539902,0.036459792300545635,0.2,0.8
648,8602343.041979767,0.03645979010121969,0.2,0.8
649,8615308.042418309,0.03645978790851453,0.2,0.8
650,8628273.042855531,0.0364597857224003,0.2,0.8
651,8641238.04329144,0.03645978354284733,0.2,0.8
652,8654203.043726046,0.03645978136982613,0.2,0.8
653,8667168.044159349,0.036459779203307376,0.2,0.8
654,8680133.044591358,0.03645977704326192,0.2,0.8
655,8693098.045022078,0.03645977488966081,0.2,0.8
656,8706063.045451516,0.036459772742475235,0.2,0.8
657,8719028.045879677,0.03645977060167657,0.2,0.8
658,8731993.046306565,0.03645976846723637,0.2,0.8
659,8744958.046732187,0.03645976633912634,0.2,0.8
660,8757923.047156548,0.03645976421731836,0.2,0.8
661,8770888.047579654,0.0364597621017845,0.2,0.8
662,8783853.048001511,0.036459759992496926,0.2,0.8
663,8796818.048422124,0.03645975788942807,0.2,0.8
664,8809783.048841499,0.036459755792550425,0.2,0.8
665,8822748.04925964,0.036459753701836725,0.2,0.8
666,8835713.049676556,0.036459751617259804,0.2,0.8
667,8848678.05009225,0.036459749538792705,0.2,0.8
668,8861643.050506728,0.03645974746640859,0.2,0.8
669,8874608.050919993,0.036459745400080804,0.2,0.8
670,8887573.051332051,0.03645974333978283,0.2,0.8
671,8900538.05174291,0.03645974128548831,0.2,0.8
672,8913503.052152572,0.03645973923717105,0.2,0.8
673,8926468.052561047,0.036459737194805004,0.2,0.8
674,8939433.052968336,0.03645973515836426,0.2,0.8
675,8952398.053374443,0.03645973312782308,0.2,0.8
676,8965363.053779377,0.03645973110315587,0.2,0.8
677,8978328.05418314,0.03645972908433716,0.2,0.8
678,8991293.05458574,0.03645972707134165,0.2,0.8
679,9004258.05498718,0.0364597250641442,0.2,0.8
680,9017223.055387463,0.03645972306271978,0.2,0.8
681,9030188.055786598,0.03645972106704352,0.2,0.8
682,9043153.056184588,0.03645971907709069,0.2,0.8
683,9056118.05658144,0.03645971709283671,0.2,0.8
684,9069083.056977157,0.036459715114257135,0.2,0.8
685,9082048.057371743,0.03645971314132765,0.2,0.8
686,9095013.057765203,0.03645971117402409,0.2,0.8
687,9107978.058157543,0.036459709212322444,0.2,0.8
688,9120943.058548767,0.03645970725619879,0.2,0.8
689,9133908.058938881,0.03645970530562939,0.2,0.8
690,9146873.05932789,0.03645970336059062,0.2,0.8
691,9159838.059715794,0.036459701421058976,0.2,0.8
692,9172803.060102604,0.03645969948701112,0.2,0.8
693,9185768.06048832,0.03645969755842382,0.2,0.8
694,9198733.060872952,0.036459695635273986,0.2,0.8
695,9211698.061256498,0.03645969371753864,0.2,0.8
696,9224663.061638966,0.03645969180519497,0.2,0.8
697,9237628.06202036,0.03645968989822026,0.2,0.8
698,9250593.062400684,0.036459687996591925,0.2,0.8
699,9263558.062779944,0.036459686100287526,0.2,0.8
700,9276523.063158145,0.03645968420928472,0.2,0.8
701,9289488.06353529,0.036459682323561324,0.2,0.8
702,9302453.063911382,0.03645968044309525,0.2,0.8
703,9315418.064286428,0.03645967856786454,0.2,0.8
704,9328383.064660432,0.036459676697847374,0.2,0.8
705,9341348.065033397,0.036459674833022024,0.2,0.8
706,9354313.065405328,0.0364596729733669,0.2,0.8
707,9367278.065776229,0.03645967111886054,0.2,0.8
708,9380243.066146106,0.03645966926948158,0.2,0.8
709,9393208.06651496,0.03645966742520879,0.2,0.8
710,9406173.066882798,0.03645966558602107,0.2,0.8
711,9419138.067249624,0.03645966375189738,0.2,0.8
712,9432103.06761544,0.03645966192281686,0.2,0.8
713,9445068.067980252,0.03645966009875874,0.2,0.8
714,9458033.068344062,0.03645965827970234,0.2,0.8
715,9470998.068706878,0.03645965646562714,0.2,0.8
716,9483963.0690687,0.0364596546565127,0.2,0.8
717,9496928.069429535,0.03645965285233868,0.2,0.8
718,9509893.069789385,0.03645965105308491,0.2,0.8
719,9522858.070148256,0.03645964925873125,0.2,0.8
720,9535823.07050615,0.03645964746925773,0.2,0.8
721,9548788.070863074,0.03645964568464447,0.2,0.8
722,9561753.071219027,0.03645964390487169,0.2,0.8
723,9574718.071574017,0.036459642129919714,0.2,0.8
724,9587683.071928047,0.03645964035976901,0.2,0.8
725,9600648.07228112,0.03645963859440009,0.2,0.8
726,9613613.072633242,0.03645963683379362,0.2,0.8
727,9626578.072984416,0.03645963507793036,0.2,0.8
728,9639543.073334644,0.036459633326791155,0.2,0.8
729,9652508.07368393,0.03645963158035698,0.2,0.8
730,9665473.074032279,0.036459629838608884,0.2,0.8
731,9678438.074379696,0.036459628101528044,0.2,0.8
732,9691403.074726181,0.03645962636909571,0.2,0.8
733,9704368.075071743,0.036459624641293265,0.2,0.8
734,9717333.07541638,0.036459622918102154,0.2,0.8
735,9730298.0757601,0.03645962119950395,0.2,0.8
736,9743263.076102905,0.036459619485480335,0.2,0.8
737,9756228.0764448,0.03645961777601303,0.2,0.8
738,9769193.076785784,0.03645961607108393,0.2,0.8
739,9782158.077125866,0.036459614370674964,0.2,0.8
740,9795123.077465046,0.03645961267476818,0.2,0.8
741,9808088.07780333,0.03645961098334572,0.2,0.8
742,9821053.078140723,0.03645960929638984,0.2,0.8
743,9834018.078477224,0.03645960761388285,0.2,0.8
744,9846983.07881284,0.03645960593580719,0.2,0.8
745,9859948.079147572,0.03645960426214537,0.2,0.8
746,9872913.079481425,0.03645960259287999,0.2,0.8
747,9885878.079814402,0.036459600927993746,0.2,0.8
748,9898843.080146508,0.036459599267469445,0.2,0.8
749,9911808.080477742,0.03645959761128997,0.2,0.8
750,9924773.080808114,0.036459595959438276,0.2,0.8
751,9937738.081137622,0.03645959431189742,0.2,0.8
752,9950703.08146627,0.03645959266865057,0.2,0.8
753,9963668.081794064,0.03645959102968094,0.2,0.8
754,9976633.082121007,0.03645958939497186,0.2,0.8
755,9989598.0824471,0.03645958776450674,0.2,0.8
756,10002563.082772348,0.03645958613826906,0.2,0.8
757,10015528.083096752,0.03645958451624241,0.2,0.8
758,10028493.083420318,0.036459582898410475,0.2,0.8
759,10041458.083743049,0.03645958128475697,0.2,0.8
760,10054423.084064946,0.03645957967526575,0.2,0.8
761,10067388.084386015,0.03645957806992073,0.2,0.8
762,10080353.084706258,0.0364595764687059,0.2,0.8
763,10093318.085025677,0.03645957487160534,0.2,0.8
764,10106283.085344277,0.03645957327860322,0.2,0.8
765,10119248.08566206,0.03645957168968379,0.2,0.8
766,10132213.08597903,0.03645957010483136,0.2,0.8
767,10145178.08629519,0.03645956852403035,0.2,0.8
768,10158143.086610543,0.03645956694726524,0.2,0.8
769,10171108.086925091,0.03645956537452058,0.2,0.8
770,10184073.087238839,0.03645956380578103,0.2,0.8
771,10197038.08755179,0.03645956224103131,0.2,0.8
772,10210003.087863944,0.0364595606802562,0.2,0.8
773,10222968.088175308,0.0364595591234406,0.2,0.8
774,10235933.088485882,0.03645955757056944,0.2,0.8
775,10248898.08879567,0.036459556021627766,0.2,0.8
776,10261863.089104675,0.036459554476600674,0.2,0.8
777,10274828.0894129,0.03645955293547333,0.2,0.8
778,10287793.089720348,0.03645955139823101,0.2,0.8
779,10300758.090027023,0.03645954986485904,0.2,0.8
780,10313723.090332925,0.036459548335342803,0.2,0.8
781,10326688.09063806,0.03645954680966779,0.2,0.8
782,10339653.09094243,0.03645954528781954,0.2,0.8
783,10352618.091246037,0.03645954376978368,0.2,0.8
784,10365583.091548884,0.036459542255545895,0.2,0.8
785,10378548.091850976,0.03645954074509196,0.2,0.8
786,10391513.092152312,0.036459539238407696,0.2,0.8
787,10404478.092452899,0.036459537735479025,0.2,0.8
788,10417443.092752736,0.0364595362362919,0.2,0.8
789,10430408.093051827,0.0364595347408324,0.2,0.8
790,10443373.093350176,0.0364595332490866,0.2,0.8
791,10456338.093647785,0.03645953176104071,0.2,0.8
792,10469303.093944658,0.036459530276680974,0.2,0.8
793,10482268.094240794,0.03645952879599372,0.2,0.8
794,10495233.0945362,0.036459527318965325,0.2,0.8
795,10508198.094830876,0.03645952584558224,0.2,0.8
796,10521163.095124826,0.036459524375831,0.2,0.8
797,10534128.095418053,0.036459522909698186,0.2,0.8
798,10547093.095710559,0.03645952144717046,0.2,0.8
799,10560058.096002346,0.03645951998823453,0.2,0.8
800,10573023.096293418,0.03645951853287718,0.2,0.8
801,10585988.096583776,0.036459517081085274,0.2,0.8
802,10598953.096873425,0.036459515632845704,0.2,0.8
803,10611918.097162364,0.03645951418814548,0.2,0.8
804,10624883.0974506,0.03645951274697161,0.2,0.8
805,10637848.097738132,0.036459511309311216,0.2,0.8
806,10650813.098024964,0.03645950987515145,0.2,0.8
807,10663778.098311098,0.036459508444479566,0.2,0.8
808,10676743.098596537,0.03645950701728283,0.2,0.8
809,10689708.098881284,0.03645950559354862,0.2,0.8
810,10702673.09916534,0.03645950417326434,0.2,0.8
811,10715638.09944871,0.036459502756417454,0.2,0.8
812,10728603.099731395,0.03645950134299551,0.2,0.8
813,10741568.100013396,0.03645949993298611,0.2,0.8
814,10754533.100294719,0.03645949852637691,0.2,0.8
815,10767498.100575363,0.036459497123155604,0.2,0.8
816,10780463.100855332,0.03645949572330998,0.2,0.8
817,10793428.101134628,0.036459494326827886,0.2,0.8
818,10806393.101413254,0.03645949293369719,0.2,0.8
819,10819358.101691213,0.03645949154390586,0.2,0.8
820,10832323.101968506,0.03645949015744189,0.2,0.8
821,10845288.102245135,0.036459488774293364,0.2,0.8
822,10858253.102521105,0.036459487394448375,0.2,0.8
823,10871218.102796417,0.03645948601789513,0.2,0.8
824,10884183.103071071,0.03645948464462184,0.2,0.8
825,10897148.103345074,0.036459483274616816,0.2,0.8
826,10910113.103618423,0.036459481907868393,0.2,0.8
827,10923078.103891123,0.03645948054436497,0.2,0.8
828,10936043.104163177,0.03645947918409502,0.2,0.8
829,10949008.104434587,0.03645947782704705,0.2,0.8
830,10961973.104705354,0.036459476473209615,0.2,0.8
831,10974938.104975482,0.03645947512257134,0.2,0.8
832,10987903.105244974,0.036459473775120904,0.2,0.8
833,11000868.105513828,0.03645947243084703,0.2,0.8
834,11013833.10578205,0.036459471089738495,0.2,0.8
835,11026798.106049642,0.036459469751784136,0.2,0.8
836,11039763.106316604,0.03645946841697284,0.2,0.8
837,11052728.10658294,0.036459467085293545,0.2,0.8
838,11065693.106848652,0.03645946575673524,0.2,0.8
839,11078658.107113741,0.03645946443128696,0.2,0.8
840,11091623.10737821,0.0364594631089378,0.2,0.8
841,11104588.107642064,0.036459461789676906,0.2,0.8
842,11117553.1079053,0.03645946047349348,0.2,0.8
843,11130518.108167924,0.036459459160376746,0.2,0.8
844,11143483.108429937,0.03645945785031602,0.2,0.8
845,11156448.10869134,0.03645945654330063,0.2,0.8
846,11169413.108952137,0.03645945523931997,0.2,0.8
847,11182378.10921233,0.0364594539383635,0.2,0.8
848,11195343.109471919,0.03645945264042069,0.2,0.8
849,11208308.109730907,0.03645945134548109,0.2,0.8
850,11221273.109989297,0.036459450053534306,0.2,0.8
851,11234238.11024709,0.03645944876456995,0.2,0.8
852,11247203.11050429,0.036459447478577704,0.2,0.8
853,11260168.110760896,0.03645944619554732,0.2,0.8
854,11273133.111016912,0.03645944491546856,0.2,0.8
855,11286098.111272339,0.036459443638331264,0.2,0.8
856,11299063.111527178,0.0364594423641253,0.2,0.8
857,11312028.111781435,0.03645944109284059,0.2,0.8
858,11324993.11203511,0.03645943982446709,0.2,0.8
859,11337958.112288205,0.03645943855899482,0.2,0.8
860,11350923.11254072,0.03645943729641383,0.2,0.8
861,11363888.11279266,0.03645943603671423,0.2,0.8
862,11376853.113044025,0.03645943477988617,0.2,0.8
863,11389818.113294818,0.036459433525919835,0.2,0.8
864,11402783.113545042,0.036459432274805456,0.2,0.8
865,11415748.113794696,0.03645943102653333,0.2,0.8
866,11428713.114043783,0.03645942978109378,0.2,0.8
867,11441678.114292305,0.03645942853847717,0.2,0.8
868,11454643.114540264,0.03645942729867391,0.2,0.8
869,11467608.114787664,0.03645942606167446,0.2,0.8
870,11480573.115034504,0.036459424827469326,0.2,0.8
871,11493538.115280788,0.036459423596049034,0.2,0.8
872,11506503.115526518,0.03645942236740419,0.2,0.8
873,11519468.115771694,0.03645942114152541,0.2,0.8
874,11532433.116016319,0.03645941991840336,0.2,0.8
875,11545398.116260394,0.03645941869802875,0.2,0.8
876,11558363.11650392,0.03645941748039236,0.2,0.8
877,11571328.116746902,0.03645941626548495,0.2,0.8
878,11584293.116989339,0.03645941505329737,0.2,0.8
879,11597258.117231233,0.036459413843820496,0.2,0.8
880,11610223.117472589,0.036459412637045246,0.2,0.8
881,11623188.117713407,0.03645941143296258,0.2,0.8
882,11636153.117953686,0.036459410231563495,0.2,0.8
883,11649118.11819343,0.03645940903283903,0.2,0.8
884,11662083.118432643,0.036459407836780255,0.2,0.8
885,11675048.118671324,0.03645940664337831,0.2,0.8
886,11688013.118909474,0.03645940545262433,0.2,0.8
887,11700978.119147098,0.03645940426450951,0.2,0.8
888,11713943.119384196,0.03645940307902511,0.2,0.8
889,11726908.119620768,0.03645940189616238,0.2,0.8
890,11739873.119856818,0.03645940071591265,0.2,0.8
891,11752838.120092345,0.03645939953826726,0.2,0.8
892,11765803.120327355,0.036459398363217606,0.2,0.8
893,11778768.120561847,0.03645939719075511,0.2,0.8
894,11791733.120795825,0.03645939602087124,0.2,0.8
895,11804698.12102929,0.036459394853557495,0.2,0.8
896,11817663.12126224,0.03645939368880542,0.2,0.8
897,11830628.121494679,0.036459392526606585,0.2,0.8
898,11843593.12172661,0.036459391366952615,0.2,0.8
899,11856558.121958032,0.03645939020983516,0.2,0.8
900,11869523.12218895,0.036459389055245886,0.2,0.8
901,11882488.122419365,0.03645938790317654,0.2,0.8
902,11895453.122649277,0.036459386753618865,0.2,0.8
903,11908418.122878687,0.03645938560656467,0.2,0.8
904,11921383.123107601,0.03645938446200577,0.2,0.8
905,11934348.123336015,0.03645938331993405,0.2,0.8
906,11947313.123563934,0.03645938218034141,0.2,0.8
907,11960278.123791358,0.03645938104321976,0.2,0.8
908,11973243.12401829,0.0364593799085611,0.2,0.8
909,11986208.12424473,0.03645937877635743,0.2,0.8
910,11999173.124470683,0.03645937764660079,0.2,0.8
911,12012138.124696147,0.03645937651928324,0.2,0.8
912,12025103.124921124,0.03645937539439692,0.2,0.8
913,12038068.125145616,0.03645937427193395,0.2,0.8
914,12051033.125369625,0.036459373151886514,0.2,0.8
915,12063998.125593152,0.03645937203424683,0.2,0.8
916,12076963.1258162,0.03645937091900714,0.2,0.8
917,12089928.12603877,0.0364593698061597,0.2,0.8
918,12102893.126260862,0.03645936869569685,0.2,0.8
919,12115858.12648248,0.036459367587610925,0.2,0.8
920,12128823.126703624,0.036459366481894295,0.2,0.8
921,12141788.126924293,0.036459365378539374,0.2,0.8
922,12154753.127144493,0.036459364277538604,0.2,0.8
923,12167718.127364224,0.03645936317888446,0.2,0.8
924,12180683.127583487,0.03645936208256944,0.2,0.8
925,12193648.127802283,0.036459360988586084,0.2,0.8
926,12206613.128020614,0.036459359896926974,0.2,0.8
927,12219578.128238482,0.0364593588075847,0.2,0.8
928,12232543.128455888,0.03645935772055189,0.2,0.8
929,12245508.128672836,0.03645935663582121,0.2,0.8
930,12258473.128889322,0.036459355553385364,0.2,0.8
931,12271438.129105352,0.036459354473237074,0.2,0.8
932,12284403.129320927,0.036459353395369085,0.2,0.8
933,12297368.129536046,0.036459352319774194,0.2,0.8
934,12310333.129750712,0.03645935124644521,0.2,0.8
935,12323298.129964925,0.036459350175374994,0.2,0.8
936,12336263.130178688,0.03645934910655642,0.2,0.8
937,12349228.130392002,0.03645934803998238,0.2,0.8
938,12362193.130604869,0.036459346975645825,0.2,0.8
939,12375158.13081729,0.03645934591353971,0.2,0.8
940,12388123.131029267,0.03645934485365705,0.2,0.8
941,12401088.1312408,0.03645934379599086,0.2,0.8
942,12414053.131451892,0.036459342740534195,0.2,0.8
943,12427018.131662542,0.03645934168728013,0.2,0.8
944,12439983.131872755,0.03645934063622179,0.2,0.8
945,12452948.13208253,0.036459339587352306,0.2,0.8
946,12465913.132291868,0.036459338540664854,0.2,0.8
947,12478878.132500771,0.03645933749615263,0.2,0.8
948,12491843.132709239,0.03645933645380886,0.2,0.8
949,12504808.132917276,0.03645933541362681,0.2,0.8
950,12517773.13312488,0.03645933437559974,0.2,0.8
951,12530738.133332057,0.03645933333972097,0.2,0.8
952,12543703.133538805,0.03645933230598384,0.2,0.8
953,12556668.133745125,0.03645933127438172,0.2,0.8
954,12569633.13395102,0.03645933024490799,0.2,0.8
955,12582598.13415649,0.036459329217556076,0.2,0.8
956,12595563.134361537,0.03645932819231943,0.2,0.8
957,12608528.134566162,0.03645932716919152,0.2,0.8
958,12621493.134770367,0.036459326148165855,0.2,0.8
959,12634458.134974152,0.03645932512923594,0.2,0.8
960,12647423.13517752,0.03645932411239536,0.2,0.8
961,12660388.135380471,0.03645932309763767,0.2,0.8
962,12673353.135583006,0.03645932208495649,0.2,0.8
963,12686318.135785129,0.03645932107434545,0.2,0.8
964,12699283.135986838,0.036459320065798204,0.2,0.8
965,12712248.136188136,0.03645931905930844,0.2,0.8
966,12725213.136389023,0.03645931805486987,0.2,0.8
967,12738178.136589503,0.03645931705247624,0.2,0.8
968,12751143.136789575,0.036459316052121285,0.2,0.8
969,12764108.13698924,0.03645931505379881,0.2,0.8
970,12777073.137188498,0.03645931405750263,0.2,0.8
971,12790038.137387354,0.03645931306322657,0.2,0.8
972,12803003.137585808,0.036459312070964506,0.2,0.8
973,12815968.137783859,0.03645931108071031,0.2,0.8
974,12828933.137981508,0.036459310092457904,0.2,0.8
975,12841898.138178758,0.036459309106201224,0.2,0.8
976,12854863.138375612,0.03645930812193423,0.2,0.8
977,12867828.138572069,0.03645930713965089,0.2,0.8
978,12880793.138768129,0.03645930615934524,0.2,0.8
979,12893758.138963796,0.036459305181011314,0.2,0.8
980,12906723.13915907,0.036459304204643134,0.2,0.8
981,12919688.139353951,0.036459303230234816,0.2,0.8
982,12932653.139548441,0.03645930225778045,0.2,0.8
983,12945618.139742544,0.036459301287274176,0.2,0.8
984,12958583.139936257,0.03645930031871013,0.2,0.8
985,12971548.140129583,0.03645929935208249,0.2,0.8
986,12984513.140322521,0.03645929838738547,0.2,0.8
987,12997478.140515076,0.03645929742461328,0.2,0.8
988,13010443.140707247,0.03645929646376016,0.2,0.8
989,13023408.140899034,0.03645929550482039,0.2,0.8
990,13036373.141090441,0.03645929454778825,0.2,0.8
991,13049338.141281469,0.036459293592658065,0.2,0.8
992,13062303.141472116,0.03645929263942417,0.2,0.8
993,13075268.141662385,0.03645929168808091,0.2,0.8
994,13088233.141852276,0.036459290738622675,0.2,0.8
995,13101198.142041793,0.03645928979104386,0.2,0.8
996,13114163.142230934,0.0364592888453389,0.2,0.8
997,13127128.142419701,0.03645928790150225,0.2,0.8
998,13140093.142608097,0.03645928695952835,0.2,0.8
999,13153058.14279612,0.03645928601941172,0.2,0.8
